metric,value
eval_loss,2.1618547439575195
eval_rouge1,0.04286056974683885
eval_rouge2,0.02443494614662213
eval_rougeL,0.03644522376912907
eval_bertscore_f1,-0.33665889501571655
eval_runtime,19.838
eval_samples_per_second,1.563
eval_steps_per_second,1.563
epoch,5.0
